{
	"metadata"  : {
		"formatVersion" : 3.2,
		"type"		: "geometry",
		"generatedBy"	: "convert-to-threejs.py",
		"vertices" : 56,
		"normals" : 52,
		"colors" : 0,
		"faces" : 52,
		"uvs" : [ 88 ]
	},
	"boundingBox"  : {
		"min" : [ -0.555358,-0.080185090478,-0.555358001061 ],
		"max" : [ 0.555358,0.00972908993406,0.555358013064 ]
	},
	"scale" : 1,
	"materials" : [  ],
	"vertices" : [ -0.50016,8.14853e-08,0.50016,-0.50016,-8.14853e-08,-0.50016,0.50016,-8.14853e-08,-0.50016,0.50016,8.14853e-08,0.50016,-0.552016,-0.0801849,0.555358,-0.555358,-0.0801849,0.552016,-0.554379,-0.0801849,0.554379,-0.555358,-0.0801851,-0.552016,-0.552016,-0.0801851,-0.555358,-0.554379,-0.0801851,-0.554379,0.552016,-0.0801851,-0.555358,0.555358,-0.0801851,-0.552016,0.554379,-0.0801851,-0.554379,0.555358,-0.0801849,0.552016,0.552016,-0.0801849,0.555358,0.554379,-0.0801849,0.554379,-0.552019,0.00972909,0.552019,-0.555358,0.00651109,0.552016,-0.552016,0.00651109,0.555358,-0.55438,0.00883709,0.552018,-0.554379,0.00651109,0.554379,-0.552018,0.00883709,0.55438,-0.554188,0.00866309,0.554188,-0.555358,0.00651091,-0.552016,-0.552019,0.00972891,-0.552019,-0.552016,0.00651091,-0.555358,-0.55438,0.00883691,-0.552018,-0.552018,0.00883691,-0.55438,-0.554379,0.00651091,-0.554379,-0.554188,0.00866291,-0.554188,0.552016,0.00651091,-0.555358,0.552019,0.00972891,-0.552019,0.555358,0.00651091,-0.552016,0.552018,0.00883691,-0.55438,0.55438,0.00883691,-0.552018,0.554379,0.00651091,-0.554379,0.554188,0.00866291,-0.554188,-0.50016,0.00447608,0.50016,-0.503499,0.00794008,0.503499,-0.501484,0.00687408,0.501484,-0.503499,0.00793992,-0.503499,-0.50016,0.00447592,-0.50016,-0.501484,0.00687392,-0.501484,0.503499,0.00793992,-0.503499,0.50016,0.00447592,-0.50016,0.501484,0.00687392,-0.501484,0.503499,0.00794008,0.503499,0.50016,0.00447608,0.50016,0.501484,0.00687408,0.501484,0.552019,0.00972909,0.552019,0.552016,0.00651109,0.555358,0.555358,0.00651109,0.552016,0.552018,0.00883709,0.55438,0.554379,0.00651109,0.554379,0.55438,0.00883709,0.552018,0.554188,0.00866309,0.554188 ],
	"normals" : [ 0.707083,-0,-0.707083,0.707083,0,0.707083,-0.707083,0,0.707083,-0.707083,-0,-0.707083,-0.195074,0,0.980773,-0.980773,0,0.195074,-0.980773,-0,-0.195074,-0.195074,-0,-0.980773,0.195074,-0,-0.980773,0.980773,-0,-0.195074,0.980773,0,0.195074,0.195074,0,0.980773,-0.14362,0.979125,0.14362,-0.973449,0.162877,0.160771,-0.160772,0.162877,0.973449,-0.711509,0.695822,0.097629,-0.700064,0.140599,0.700064,-0.097629,0.695822,0.711508,-0.571337,0.589129,0.571337,-0.973449,0.162877,-0.160772,-0.14362,0.979125,-0.14362,-0.160772,0.162877,-0.973449,-0.711509,0.695822,-0.097629,-0.097629,0.695822,-0.711509,-0.700064,0.140599,-0.700064,-0.571337,0.589129,-0.571337,0.160772,0.162877,-0.973449,0.14362,0.979125,-0.14362,0.973449,0.162877,-0.160772,0.097629,0.695822,-0.711509,0.711509,0.695822,-0.097629,0.700064,0.140599,-0.700064,0.571337,0.589129,-0.571337,0.653462,0.382031,-0.653462,0.077303,0.993988,-0.077304,0.34788,0.870601,-0.347881,0.077303,0.993988,0.077303,0.653462,0.382031,0.653462,0.34788,0.870602,0.34788,-0.077303,0.993988,0.077303,-0.653462,0.382031,0.653462,-0.34788,0.870602,0.34788,-0.077303,0.993988,-0.077304,-0.653462,0.382031,-0.653462,-0.34788,0.870601,-0.347881,0.14362,0.979125,0.14362,0.160772,0.162877,0.973449,0.973449,0.162877,0.160771,0.097629,0.695822,0.711508,0.700064,0.140599,0.700064,0.711509,0.695822,0.097629,0.571337,0.589129,0.571337 ],
	"colors" : [  ],
	"uvs" : [ [0.907188,0.980257,0.081537,0.97924,0.081461,0.964831,0.907112,0.965848,0.96803,0.357835,0.018624,0.356217,0.018991,0.269836,0.969106,0.269804,0.968647,0.864969,0.019256,0.863364,0.019621,0.776984,0.969725,0.776938,0.914542,0.217891,0.08892,0.216849,0.088845,0.20244,0.91447,0.20348,0.923636,0.746101,0.09798,0.745079,0.097904,0.730669,0.923561,0.731692,0.926159,0.429324,0.060583,0.428253,0.018929,0.386468,0.967912,0.387646,0.9851,0.630819,0.0357,0.629201,0.036067,0.542821,0.98618,0.542787,0.94322,0.702311,0.077658,0.701236,0.036005,0.659451,0.984975,0.660632,0.92677,0.936464,0.061215,0.935398,0.019561,0.893614,0.968524,0.894784,0.934135,0.174095,0.0686,0.173008,0.026949,0.131224,0.975893,0.132415,0.906586,0.47311,0.080906,0.472097,0.08083,0.457687,0.906507,0.458703,0.975146,0.11703,0.987421,0.116677,0.976023,0.102595,0.97904,0.102554,0.019562,0.370814,0.007045,0.370518,0.015676,0.356161,0.026644,0.100975,0.027582,0.115571,0.015066,0.115275,0.023696,0.100919,0.984226,0.64525,0.996498,0.644896,0.988117,0.630777,0.036638,0.643797,0.024121,0.643501,0.032752,0.629145,0.967774,0.879402,0.980047,0.879046,0.971664,0.864928,0.967159,0.372265,0.97943,0.371908,0.971047,0.357793,0.020194,0.87796,0.007678,0.877664,0.016308,0.863308,0.988775,0.542807,0.024415,0.014568,0.02701,0.014596,0.016395,0.269809,0.9797,0.014581,0.977105,0.014562,0.972319,0.776957,0.033472,0.542793,0.081781,0.187901,0.921311,0.188957,0.09084,0.71613,0.930399,0.717171,0.074396,0.950292,0.91395,0.951326,0.073765,0.443147,0.913342,0.444183,0.971701,0.269823,0.017026,0.776957] ],
	"faces" : [ 43,2,3,47,44,0,0,1,2,3,2,3,43,40,43,50,18,4,14,0,4,5,6,7,46,14,4,11,43,32,51,13,11,0,8,9,10,11,28,47,10,9,43,0,1,41,37,0,12,13,14,15,0,1,37,33,43,1,2,44,41,0,16,17,18,19,1,2,40,37,43,46,38,16,49,0,20,21,22,23,42,34,12,45,43,25,30,10,8,0,24,25,26,27,21,26,8,7,43,40,43,31,24,0,28,29,30,31,36,39,27,20,43,43,46,49,31,0,32,33,34,35,39,42,45,27,43,38,40,24,16,0,36,37,38,39,34,36,20,12,43,3,0,37,47,0,40,41,42,43,3,0,33,43,42,16,19,22,0,39,44,45,12,15,18,43,17,20,22,19,0,46,47,45,44,13,16,18,15,43,18,21,22,20,0,5,48,49,50,14,17,18,16,43,23,26,29,28,0,51,52,53,54,19,22,25,24,42,24,27,29,0,31,55,56,20,23,25,43,25,28,29,27,0,24,57,56,55,21,24,25,23,43,30,33,36,35,0,25,58,59,60,26,29,32,31,42,31,34,36,0,35,61,62,27,30,32,43,32,35,36,34,0,8,63,62,61,28,31,32,30,42,49,52,55,0,23,64,65,45,48,51,43,50,53,55,52,0,4,66,65,64,46,49,51,48,43,51,54,55,53,0,9,67,68,69,47,50,51,49,43,16,24,26,19,0,39,38,52,44,12,20,22,15,43,19,26,23,17,0,44,52,51,46,15,22,19,13,43,25,8,9,28,0,24,27,70,57,21,7,3,24,43,28,9,7,23,0,54,71,72,51,24,3,6,19,43,4,18,20,6,0,6,5,50,73,4,14,16,2,43,6,20,17,5,0,74,47,46,75,2,16,13,5,43,24,31,33,27,0,31,30,58,55,20,27,29,23,43,27,33,30,25,0,55,58,25,24,23,29,26,21,43,32,11,12,35,0,8,11,76,63,28,9,0,31,43,35,12,10,30,0,60,77,26,25,31,0,8,26,43,37,41,42,39,0,15,14,78,79,33,37,38,35,43,39,42,40,38,0,79,78,37,36,35,38,36,34,43,41,44,45,42,0,19,18,80,81,37,40,41,38,43,42,45,43,40,0,81,80,29,28,38,41,39,36,43,44,47,48,45,0,3,2,82,83,40,43,44,41,43,45,48,46,43,0,83,82,33,32,41,44,42,39,43,47,37,39,48,0,43,42,84,85,43,33,35,44,43,48,39,38,46,0,85,84,21,20,44,35,34,42,43,50,14,15,53,0,4,7,86,66,46,11,1,49,43,53,15,13,51,0,69,87,10,9,49,1,10,47,43,31,49,54,34,0,35,34,67,61,27,45,50,30,43,34,54,51,32,0,61,67,9,8,30,50,47,28,43,49,16,21,52,0,23,22,48,64,45,12,17,48,43,52,21,18,50,0,64,48,5,4,48,17,14,46,43,17,23,7,5,0,46,51,72,75,13,19,6,5,42,54,49,55,0,67,34,68,50,45,51,42,33,31,36,0,58,30,59,29,27,32,42,26,24,29,0,52,38,53,22,20,25,42,21,16,22,0,48,22,49,17,12,18 ]
}